loadtest3000@baublebar.com,test123,on
loadtest3001@baublebar.com,test123,on
loadtest3002@baublebar.com,test123,on
loadtest3003@baublebar.com,test123,on
loadtest3004@baublebar.com,test123,on
loadtest3005@baublebar.com,test123,on
loadtest3006@baublebar.com,test123,on
loadtest3007@baublebar.com,test123,on
loadtest3008@baublebar.com,test123,on
loadtest3009@baublebar.com,test123,on
loadtest3010@baublebar.com,test123,on
loadtest3011@baublebar.com,test123,on
loadtest3012@baublebar.com,test123,on
loadtest3013@baublebar.com,test123,on
loadtest3014@baublebar.com,test123,on
loadtest3015@baublebar.com,test123,on
loadtest3016@baublebar.com,test123,on
loadtest3017@baublebar.com,test123,on
loadtest3018@baublebar.com,test123,on
loadtest3019@baublebar.com,test123,on
loadtest3020@baublebar.com,test123,on
loadtest3021@baublebar.com,test123,on
loadtest3022@baublebar.com,test123,on
loadtest3023@baublebar.com,test123,on
loadtest3024@baublebar.com,test123,on
loadtest3025@baublebar.com,test123,on
loadtest3026@baublebar.com,test123,on
loadtest3027@baublebar.com,test123,on
loadtest3028@baublebar.com,test123,on
loadtest3029@baublebar.com,test123,on
loadtest3030@baublebar.com,test123,on
loadtest3031@baublebar.com,test123,on
loadtest3032@baublebar.com,test123,on
loadtest3033@baublebar.com,test123,on
loadtest3034@baublebar.com,test123,on
loadtest3035@baublebar.com,test123,on
loadtest3036@baublebar.com,test123,on
loadtest3037@baublebar.com,test123,on
loadtest3038@baublebar.com,test123,on
loadtest3039@baublebar.com,test123,on
loadtest3040@baublebar.com,test123,on
loadtest3041@baublebar.com,test123,on
loadtest3042@baublebar.com,test123,on
loadtest3043@baublebar.com,test123,on
loadtest3044@baublebar.com,test123,on
loadtest3045@baublebar.com,test123,on
loadtest3046@baublebar.com,test123,on
loadtest3047@baublebar.com,test123,on
loadtest3048@baublebar.com,test123,on
loadtest3049@baublebar.com,test123,on
loadtest3050@baublebar.com,test123,on
loadtest3051@baublebar.com,test123,on
loadtest3052@baublebar.com,test123,on
loadtest3053@baublebar.com,test123,on
loadtest3054@baublebar.com,test123,on
loadtest3055@baublebar.com,test123,on
loadtest3056@baublebar.com,test123,on
loadtest3057@baublebar.com,test123,on
loadtest3058@baublebar.com,test123,on
loadtest3059@baublebar.com,test123,on
loadtest3060@baublebar.com,test123,on
loadtest3061@baublebar.com,test123,on
loadtest3062@baublebar.com,test123,on
loadtest3063@baublebar.com,test123,on
loadtest3064@baublebar.com,test123,on
loadtest3065@baublebar.com,test123,on
loadtest3066@baublebar.com,test123,on
loadtest3067@baublebar.com,test123,on
loadtest3068@baublebar.com,test123,on
loadtest3069@baublebar.com,test123,on
loadtest3070@baublebar.com,test123,on
loadtest3071@baublebar.com,test123,on
loadtest3072@baublebar.com,test123,on
loadtest3073@baublebar.com,test123,on
loadtest3074@baublebar.com,test123,on
loadtest3075@baublebar.com,test123,on
loadtest3076@baublebar.com,test123,on
loadtest3077@baublebar.com,test123,on
loadtest3078@baublebar.com,test123,on
loadtest3079@baublebar.com,test123,on
loadtest3080@baublebar.com,test123,on
loadtest3081@baublebar.com,test123,on
loadtest3082@baublebar.com,test123,on
loadtest3083@baublebar.com,test123,on
loadtest3084@baublebar.com,test123,on
loadtest3085@baublebar.com,test123,on
loadtest3086@baublebar.com,test123,on
loadtest3087@baublebar.com,test123,on
loadtest3088@baublebar.com,test123,on
loadtest3089@baublebar.com,test123,on
loadtest3090@baublebar.com,test123,on
loadtest3091@baublebar.com,test123,on
loadtest3092@baublebar.com,test123,on
loadtest3093@baublebar.com,test123,on
loadtest3094@baublebar.com,test123,on
loadtest3095@baublebar.com,test123,on
loadtest3096@baublebar.com,test123,on
loadtest3097@baublebar.com,test123,on
loadtest3098@baublebar.com,test123,on
loadtest3099@baublebar.com,test123,on
loadtest3100@baublebar.com,test123,on
loadtest3101@baublebar.com,test123,on
loadtest3102@baublebar.com,test123,on
loadtest3103@baublebar.com,test123,on
loadtest3104@baublebar.com,test123,on
loadtest3105@baublebar.com,test123,on
loadtest3106@baublebar.com,test123,on
loadtest3107@baublebar.com,test123,on
loadtest3108@baublebar.com,test123,on
loadtest3109@baublebar.com,test123,on
loadtest3110@baublebar.com,test123,on
loadtest3111@baublebar.com,test123,on
loadtest3112@baublebar.com,test123,on
loadtest3113@baublebar.com,test123,on
loadtest3114@baublebar.com,test123,on
loadtest3115@baublebar.com,test123,on
loadtest3116@baublebar.com,test123,on
loadtest3117@baublebar.com,test123,on
loadtest3118@baublebar.com,test123,on
loadtest3119@baublebar.com,test123,on
loadtest3120@baublebar.com,test123,on
loadtest3121@baublebar.com,test123,on
loadtest3122@baublebar.com,test123,on
loadtest3123@baublebar.com,test123,on
loadtest3124@baublebar.com,test123,on
loadtest3125@baublebar.com,test123,on
loadtest3126@baublebar.com,test123,on
loadtest3127@baublebar.com,test123,on
loadtest3128@baublebar.com,test123,on
loadtest3129@baublebar.com,test123,on
loadtest3130@baublebar.com,test123,on
loadtest3131@baublebar.com,test123,on
loadtest3132@baublebar.com,test123,on
loadtest3133@baublebar.com,test123,on
loadtest3134@baublebar.com,test123,on
loadtest3135@baublebar.com,test123,on
loadtest3136@baublebar.com,test123,on
loadtest3137@baublebar.com,test123,on
loadtest3138@baublebar.com,test123,on
loadtest3139@baublebar.com,test123,on
loadtest3140@baublebar.com,test123,on
loadtest3141@baublebar.com,test123,on
loadtest3142@baublebar.com,test123,on
loadtest3143@baublebar.com,test123,on
loadtest3144@baublebar.com,test123,on
loadtest3145@baublebar.com,test123,on
loadtest3146@baublebar.com,test123,on
loadtest3147@baublebar.com,test123,on
loadtest3148@baublebar.com,test123,on
loadtest3149@baublebar.com,test123,on
loadtest3150@baublebar.com,test123,on
loadtest3151@baublebar.com,test123,on
loadtest3152@baublebar.com,test123,on
loadtest3153@baublebar.com,test123,on
loadtest3154@baublebar.com,test123,on
loadtest3155@baublebar.com,test123,on
loadtest3156@baublebar.com,test123,on
loadtest3157@baublebar.com,test123,on
loadtest3158@baublebar.com,test123,on
loadtest3159@baublebar.com,test123,on
loadtest3160@baublebar.com,test123,on
loadtest3161@baublebar.com,test123,on
loadtest3162@baublebar.com,test123,on
loadtest3163@baublebar.com,test123,on
loadtest3164@baublebar.com,test123,on
loadtest3165@baublebar.com,test123,on
loadtest3166@baublebar.com,test123,on
loadtest3167@baublebar.com,test123,on
loadtest3168@baublebar.com,test123,on
loadtest3169@baublebar.com,test123,on
loadtest3170@baublebar.com,test123,on
loadtest3171@baublebar.com,test123,on
loadtest3172@baublebar.com,test123,on
loadtest3173@baublebar.com,test123,on
loadtest3174@baublebar.com,test123,on
loadtest3175@baublebar.com,test123,on
loadtest3176@baublebar.com,test123,on
loadtest3177@baublebar.com,test123,on
loadtest3178@baublebar.com,test123,on
loadtest3179@baublebar.com,test123,on
loadtest3180@baublebar.com,test123,on
loadtest3181@baublebar.com,test123,on
loadtest3182@baublebar.com,test123,on
loadtest3183@baublebar.com,test123,on
loadtest3184@baublebar.com,test123,on
loadtest3185@baublebar.com,test123,on
loadtest3186@baublebar.com,test123,on
loadtest3187@baublebar.com,test123,on
loadtest3188@baublebar.com,test123,on
loadtest3189@baublebar.com,test123,on
loadtest3190@baublebar.com,test123,on
loadtest3191@baublebar.com,test123,on
loadtest3192@baublebar.com,test123,on
loadtest3193@baublebar.com,test123,on
loadtest3194@baublebar.com,test123,on
loadtest3195@baublebar.com,test123,on
loadtest3196@baublebar.com,test123,on
loadtest3197@baublebar.com,test123,on
loadtest3198@baublebar.com,test123,on
loadtest3199@baublebar.com,test123,on
loadtest3200@baublebar.com,test123,on
loadtest3201@baublebar.com,test123,on
loadtest3202@baublebar.com,test123,on
loadtest3203@baublebar.com,test123,on
loadtest3204@baublebar.com,test123,on
loadtest3205@baublebar.com,test123,on
loadtest3206@baublebar.com,test123,on
loadtest3207@baublebar.com,test123,on
loadtest3208@baublebar.com,test123,on
loadtest3209@baublebar.com,test123,on
loadtest3210@baublebar.com,test123,on
loadtest3211@baublebar.com,test123,on
loadtest3212@baublebar.com,test123,on
loadtest3213@baublebar.com,test123,on
loadtest3214@baublebar.com,test123,on
loadtest3215@baublebar.com,test123,on
loadtest3216@baublebar.com,test123,on
loadtest3217@baublebar.com,test123,on
loadtest3218@baublebar.com,test123,on
loadtest3219@baublebar.com,test123,on
loadtest3220@baublebar.com,test123,on
loadtest3221@baublebar.com,test123,on
loadtest3222@baublebar.com,test123,on
loadtest3223@baublebar.com,test123,on
loadtest3224@baublebar.com,test123,on
loadtest3225@baublebar.com,test123,on
loadtest3226@baublebar.com,test123,on
loadtest3227@baublebar.com,test123,on
loadtest3228@baublebar.com,test123,on
loadtest3229@baublebar.com,test123,on
loadtest3230@baublebar.com,test123,on
loadtest3231@baublebar.com,test123,on
loadtest3232@baublebar.com,test123,on
loadtest3233@baublebar.com,test123,on
loadtest3234@baublebar.com,test123,on
loadtest3235@baublebar.com,test123,on
loadtest3236@baublebar.com,test123,on
loadtest3237@baublebar.com,test123,on
loadtest3238@baublebar.com,test123,on
loadtest3239@baublebar.com,test123,on
loadtest3240@baublebar.com,test123,on
loadtest3241@baublebar.com,test123,on
loadtest3242@baublebar.com,test123,on
loadtest3243@baublebar.com,test123,on
loadtest3244@baublebar.com,test123,on
loadtest3245@baublebar.com,test123,on
loadtest3246@baublebar.com,test123,on
loadtest3247@baublebar.com,test123,on
loadtest3248@baublebar.com,test123,on
loadtest3249@baublebar.com,test123,on
loadtest3250@baublebar.com,test123,on
loadtest3251@baublebar.com,test123,on
loadtest3252@baublebar.com,test123,on
loadtest3253@baublebar.com,test123,on
loadtest3254@baublebar.com,test123,on
loadtest3255@baublebar.com,test123,on
loadtest3256@baublebar.com,test123,on
loadtest3257@baublebar.com,test123,on
loadtest3258@baublebar.com,test123,on
loadtest3259@baublebar.com,test123,on
loadtest3260@baublebar.com,test123,on
loadtest3261@baublebar.com,test123,on
loadtest3262@baublebar.com,test123,on
loadtest3263@baublebar.com,test123,on
loadtest3264@baublebar.com,test123,on
loadtest3265@baublebar.com,test123,on
loadtest3266@baublebar.com,test123,on
loadtest3267@baublebar.com,test123,on
loadtest3268@baublebar.com,test123,on
loadtest3269@baublebar.com,test123,on
loadtest3270@baublebar.com,test123,on
loadtest3271@baublebar.com,test123,on
loadtest3272@baublebar.com,test123,on
loadtest3273@baublebar.com,test123,on
loadtest3274@baublebar.com,test123,on
loadtest3275@baublebar.com,test123,on
loadtest3276@baublebar.com,test123,on
loadtest3277@baublebar.com,test123,on
loadtest3278@baublebar.com,test123,on
loadtest3279@baublebar.com,test123,on
loadtest3280@baublebar.com,test123,on
loadtest3281@baublebar.com,test123,on
loadtest3282@baublebar.com,test123,on
loadtest3283@baublebar.com,test123,on
loadtest3284@baublebar.com,test123,on
loadtest3285@baublebar.com,test123,on
loadtest3286@baublebar.com,test123,on
loadtest3287@baublebar.com,test123,on
loadtest3288@baublebar.com,test123,on
loadtest3289@baublebar.com,test123,on
loadtest3290@baublebar.com,test123,on
loadtest3291@baublebar.com,test123,on
loadtest3292@baublebar.com,test123,on
loadtest3293@baublebar.com,test123,on
loadtest3294@baublebar.com,test123,on
loadtest3295@baublebar.com,test123,on
loadtest3296@baublebar.com,test123,on
loadtest3297@baublebar.com,test123,on
loadtest3298@baublebar.com,test123,on
loadtest3299@baublebar.com,test123,on
loadtest3300@baublebar.com,test123,on
loadtest3301@baublebar.com,test123,on
loadtest3302@baublebar.com,test123,on
loadtest3303@baublebar.com,test123,on
loadtest3304@baublebar.com,test123,on
loadtest3305@baublebar.com,test123,on
loadtest3306@baublebar.com,test123,on
loadtest3307@baublebar.com,test123,on
loadtest3308@baublebar.com,test123,on
loadtest3309@baublebar.com,test123,on
loadtest3310@baublebar.com,test123,on
loadtest3311@baublebar.com,test123,on
loadtest3312@baublebar.com,test123,on
loadtest3313@baublebar.com,test123,on
loadtest3314@baublebar.com,test123,on
loadtest3315@baublebar.com,test123,on
loadtest3316@baublebar.com,test123,on
loadtest3317@baublebar.com,test123,on
loadtest3318@baublebar.com,test123,on
loadtest3319@baublebar.com,test123,on
loadtest3320@baublebar.com,test123,on
loadtest3321@baublebar.com,test123,on
loadtest3322@baublebar.com,test123,on
loadtest3323@baublebar.com,test123,on
loadtest3324@baublebar.com,test123,on
loadtest3325@baublebar.com,test123,on
loadtest3326@baublebar.com,test123,on
loadtest3327@baublebar.com,test123,on
loadtest3328@baublebar.com,test123,on
loadtest3329@baublebar.com,test123,on
loadtest3330@baublebar.com,test123,on
loadtest3331@baublebar.com,test123,on
loadtest3332@baublebar.com,test123,on
loadtest3333@baublebar.com,test123,on
loadtest3334@baublebar.com,test123,on
loadtest3335@baublebar.com,test123,on
loadtest3336@baublebar.com,test123,on
loadtest3337@baublebar.com,test123,on
loadtest3338@baublebar.com,test123,on
loadtest3339@baublebar.com,test123,on
loadtest3340@baublebar.com,test123,on
loadtest3341@baublebar.com,test123,on
loadtest3342@baublebar.com,test123,on
loadtest3343@baublebar.com,test123,on
loadtest3344@baublebar.com,test123,on
loadtest3345@baublebar.com,test123,on
loadtest3346@baublebar.com,test123,on
loadtest3347@baublebar.com,test123,on
loadtest3348@baublebar.com,test123,on
loadtest3349@baublebar.com,test123,on
loadtest3350@baublebar.com,test123,on
loadtest3351@baublebar.com,test123,on
loadtest3352@baublebar.com,test123,on
loadtest3353@baublebar.com,test123,on
loadtest3354@baublebar.com,test123,on
loadtest3355@baublebar.com,test123,on
loadtest3356@baublebar.com,test123,on
loadtest3357@baublebar.com,test123,on
loadtest3358@baublebar.com,test123,on
loadtest3359@baublebar.com,test123,on
loadtest3360@baublebar.com,test123,on
loadtest3361@baublebar.com,test123,on
loadtest3362@baublebar.com,test123,on
loadtest3363@baublebar.com,test123,on
loadtest3364@baublebar.com,test123,on
loadtest3365@baublebar.com,test123,on
loadtest3366@baublebar.com,test123,on
loadtest3367@baublebar.com,test123,on
loadtest3368@baublebar.com,test123,on
loadtest3369@baublebar.com,test123,on
loadtest3370@baublebar.com,test123,on
loadtest3371@baublebar.com,test123,on
loadtest3372@baublebar.com,test123,on
loadtest3373@baublebar.com,test123,on
loadtest3374@baublebar.com,test123,on
loadtest3375@baublebar.com,test123,on
loadtest3376@baublebar.com,test123,on
loadtest3377@baublebar.com,test123,on
loadtest3378@baublebar.com,test123,on
loadtest3379@baublebar.com,test123,on
loadtest3380@baublebar.com,test123,on
loadtest3381@baublebar.com,test123,on
loadtest3382@baublebar.com,test123,on
loadtest3383@baublebar.com,test123,on
loadtest3384@baublebar.com,test123,on
loadtest3385@baublebar.com,test123,on
loadtest3386@baublebar.com,test123,on
loadtest3387@baublebar.com,test123,on
loadtest3388@baublebar.com,test123,on
loadtest3389@baublebar.com,test123,on
loadtest3390@baublebar.com,test123,on
loadtest3391@baublebar.com,test123,on
loadtest3392@baublebar.com,test123,on
loadtest3393@baublebar.com,test123,on
loadtest3394@baublebar.com,test123,on
loadtest3395@baublebar.com,test123,on
loadtest3396@baublebar.com,test123,on
loadtest3397@baublebar.com,test123,on
loadtest3398@baublebar.com,test123,on
loadtest3399@baublebar.com,test123,on
loadtest3400@baublebar.com,test123,on
loadtest3401@baublebar.com,test123,on
loadtest3402@baublebar.com,test123,on
loadtest3403@baublebar.com,test123,on
loadtest3404@baublebar.com,test123,on
loadtest3405@baublebar.com,test123,on
loadtest3406@baublebar.com,test123,on
loadtest3407@baublebar.com,test123,on
loadtest3408@baublebar.com,test123,on
loadtest3409@baublebar.com,test123,on
loadtest3410@baublebar.com,test123,on
loadtest3411@baublebar.com,test123,on
loadtest3412@baublebar.com,test123,on
loadtest3413@baublebar.com,test123,on
loadtest3414@baublebar.com,test123,on
loadtest3415@baublebar.com,test123,on
loadtest3416@baublebar.com,test123,on
loadtest3417@baublebar.com,test123,on
loadtest3418@baublebar.com,test123,on
loadtest3419@baublebar.com,test123,on
loadtest3420@baublebar.com,test123,on
loadtest3421@baublebar.com,test123,on
loadtest3422@baublebar.com,test123,on
loadtest3423@baublebar.com,test123,on
loadtest3424@baublebar.com,test123,on
loadtest3425@baublebar.com,test123,on
loadtest3426@baublebar.com,test123,on
loadtest3427@baublebar.com,test123,on
loadtest3428@baublebar.com,test123,on
loadtest3429@baublebar.com,test123,on
loadtest3430@baublebar.com,test123,on
loadtest3431@baublebar.com,test123,on
loadtest3432@baublebar.com,test123,on
loadtest3433@baublebar.com,test123,on
loadtest3434@baublebar.com,test123,on
loadtest3435@baublebar.com,test123,on
loadtest3436@baublebar.com,test123,on
loadtest3437@baublebar.com,test123,on
loadtest3438@baublebar.com,test123,on
loadtest3439@baublebar.com,test123,on
loadtest3440@baublebar.com,test123,on
loadtest3441@baublebar.com,test123,on
loadtest3442@baublebar.com,test123,on
loadtest3443@baublebar.com,test123,on
loadtest3444@baublebar.com,test123,on
loadtest3445@baublebar.com,test123,on
loadtest3446@baublebar.com,test123,on
loadtest3447@baublebar.com,test123,on
loadtest3448@baublebar.com,test123,on
loadtest3449@baublebar.com,test123,on
loadtest3450@baublebar.com,test123,on
loadtest3451@baublebar.com,test123,on
loadtest3452@baublebar.com,test123,on
loadtest3453@baublebar.com,test123,on
loadtest3454@baublebar.com,test123,on
loadtest3455@baublebar.com,test123,on
loadtest3456@baublebar.com,test123,on
loadtest3457@baublebar.com,test123,on
loadtest3458@baublebar.com,test123,on
loadtest3459@baublebar.com,test123,on
loadtest3460@baublebar.com,test123,on
loadtest3461@baublebar.com,test123,on
loadtest3462@baublebar.com,test123,on
loadtest3463@baublebar.com,test123,on
loadtest3464@baublebar.com,test123,on
loadtest3465@baublebar.com,test123,on
loadtest3466@baublebar.com,test123,on
loadtest3467@baublebar.com,test123,on
loadtest3468@baublebar.com,test123,on
loadtest3469@baublebar.com,test123,on
loadtest3470@baublebar.com,test123,on
loadtest3471@baublebar.com,test123,on
loadtest3472@baublebar.com,test123,on
loadtest3473@baublebar.com,test123,on
loadtest3474@baublebar.com,test123,on
loadtest3475@baublebar.com,test123,on
loadtest3476@baublebar.com,test123,on
loadtest3477@baublebar.com,test123,on
loadtest3478@baublebar.com,test123,on
loadtest3479@baublebar.com,test123,on
loadtest3480@baublebar.com,test123,on
loadtest3481@baublebar.com,test123,on
loadtest3482@baublebar.com,test123,on
loadtest3483@baublebar.com,test123,on
loadtest3484@baublebar.com,test123,on
loadtest3485@baublebar.com,test123,on
loadtest3486@baublebar.com,test123,on
loadtest3487@baublebar.com,test123,on
loadtest3488@baublebar.com,test123,on
loadtest3489@baublebar.com,test123,on
loadtest3490@baublebar.com,test123,on
loadtest3491@baublebar.com,test123,on
loadtest3492@baublebar.com,test123,on
loadtest3493@baublebar.com,test123,on
loadtest3494@baublebar.com,test123,on
loadtest3495@baublebar.com,test123,on
loadtest3496@baublebar.com,test123,on
loadtest3497@baublebar.com,test123,on
loadtest3498@baublebar.com,test123,on
loadtest3499@baublebar.com,test123,on
loadtest3500@baublebar.com,test123,on