loadtest3401@baublebar.com,test123,test123,on
loadtest3402@baublebar.com,test123,test123,on
loadtest3403@baublebar.com,test123,test123,on
loadtest3404@baublebar.com,test123,test123,on
loadtest3405@baublebar.com,test123,test123,on
loadtest3406@baublebar.com,test123,test123,on
loadtest3407@baublebar.com,test123,test123,on
loadtest3408@baublebar.com,test123,test123,on
loadtest3409@baublebar.com,test123,test123,on
loadtest3410@baublebar.com,test123,test123,on
loadtest3411@baublebar.com,test123,test123,on
loadtest3412@baublebar.com,test123,test123,on
loadtest3413@baublebar.com,test123,test123,on
loadtest3414@baublebar.com,test123,test123,on
loadtest3415@baublebar.com,test123,test123,on
loadtest3416@baublebar.com,test123,test123,on
loadtest3417@baublebar.com,test123,test123,on
loadtest3418@baublebar.com,test123,test123,on
loadtest3419@baublebar.com,test123,test123,on
loadtest3420@baublebar.com,test123,test123,on
loadtest3421@baublebar.com,test123,test123,on
loadtest3422@baublebar.com,test123,test123,on
loadtest3423@baublebar.com,test123,test123,on
loadtest3424@baublebar.com,test123,test123,on
loadtest3425@baublebar.com,test123,test123,on
loadtest3426@baublebar.com,test123,test123,on
loadtest3427@baublebar.com,test123,test123,on
loadtest3428@baublebar.com,test123,test123,on
loadtest3429@baublebar.com,test123,test123,on
loadtest3430@baublebar.com,test123,test123,on
loadtest3431@baublebar.com,test123,test123,on
loadtest3432@baublebar.com,test123,test123,on
loadtest3433@baublebar.com,test123,test123,on
loadtest3434@baublebar.com,test123,test123,on
loadtest3435@baublebar.com,test123,test123,on
loadtest3436@baublebar.com,test123,test123,on
loadtest3437@baublebar.com,test123,test123,on
loadtest3438@baublebar.com,test123,test123,on
loadtest3439@baublebar.com,test123,test123,on
loadtest3440@baublebar.com,test123,test123,on
loadtest3441@baublebar.com,test123,test123,on
loadtest3442@baublebar.com,test123,test123,on
loadtest3443@baublebar.com,test123,test123,on
loadtest3444@baublebar.com,test123,test123,on
loadtest3445@baublebar.com,test123,test123,on
loadtest3446@baublebar.com,test123,test123,on
loadtest3447@baublebar.com,test123,test123,on
loadtest3448@baublebar.com,test123,test123,on
loadtest3449@baublebar.com,test123,test123,on
loadtest3450@baublebar.com,test123,test123,on
loadtest3451@baublebar.com,test123,test123,on
loadtest3452@baublebar.com,test123,test123,on
loadtest3453@baublebar.com,test123,test123,on
loadtest3454@baublebar.com,test123,test123,on
loadtest3455@baublebar.com,test123,test123,on
loadtest3456@baublebar.com,test123,test123,on
loadtest3457@baublebar.com,test123,test123,on
loadtest3458@baublebar.com,test123,test123,on
loadtest3459@baublebar.com,test123,test123,on
loadtest3460@baublebar.com,test123,test123,on
loadtest3461@baublebar.com,test123,test123,on
loadtest3462@baublebar.com,test123,test123,on
loadtest3463@baublebar.com,test123,test123,on
loadtest3464@baublebar.com,test123,test123,on
loadtest3465@baublebar.com,test123,test123,on
loadtest3466@baublebar.com,test123,test123,on
loadtest3467@baublebar.com,test123,test123,on
loadtest3468@baublebar.com,test123,test123,on
loadtest3469@baublebar.com,test123,test123,on
loadtest3470@baublebar.com,test123,test123,on
loadtest3471@baublebar.com,test123,test123,on
loadtest3472@baublebar.com,test123,test123,on
loadtest3473@baublebar.com,test123,test123,on
loadtest3474@baublebar.com,test123,test123,on
loadtest3475@baublebar.com,test123,test123,on
loadtest3476@baublebar.com,test123,test123,on
loadtest3477@baublebar.com,test123,test123,on
loadtest3478@baublebar.com,test123,test123,on
loadtest3479@baublebar.com,test123,test123,on
loadtest3480@baublebar.com,test123,test123,on
loadtest3481@baublebar.com,test123,test123,on
loadtest3482@baublebar.com,test123,test123,on
loadtest3483@baublebar.com,test123,test123,on
loadtest3484@baublebar.com,test123,test123,on
loadtest3485@baublebar.com,test123,test123,on
loadtest3486@baublebar.com,test123,test123,on
loadtest3487@baublebar.com,test123,test123,on
loadtest3488@baublebar.com,test123,test123,on
loadtest3489@baublebar.com,test123,test123,on
loadtest3490@baublebar.com,test123,test123,on
loadtest3491@baublebar.com,test123,test123,on
loadtest3492@baublebar.com,test123,test123,on
loadtest3493@baublebar.com,test123,test123,on
loadtest3494@baublebar.com,test123,test123,on
loadtest3495@baublebar.com,test123,test123,on
loadtest3496@baublebar.com,test123,test123,on
loadtest3497@baublebar.com,test123,test123,on
loadtest3498@baublebar.com,test123,test123,on
loadtest3499@baublebar.com,test123,test123,on
loadtest3500@baublebar.com,test123,test123,on