userloadtest1@baublebar.com,test123,checkout
userloadtest2@baublebar.com,test123,checkout
userloadtest3@baublebar.com,test123,checkout
userloadtest4@baublebar.com,test123,checkout
userloadtest5@baublebar.com,test123,checkout
userloadtest6@baublebar.com,test123,checkout
userloadtest7@baublebar.com,test123,checkout
userloadtest8@baublebar.com,test123,checkout
userloadtest9@baublebar.com,test123,checkout
userloadtest10@baublebar.com,test123,checkout
userloadtest11@baublebar.com,test123,checkout
userloadtest12@baublebar.com,test123,checkout
userloadtest13@baublebar.com,test123,checkout
userloadtest14@baublebar.com,test123,checkout
userloadtest15@baublebar.com,test123,checkout
userloadtest16@baublebar.com,test123,checkout
userloadtest17@baublebar.com,test123,checkout
userloadtest18@baublebar.com,test123,checkout
userloadtest19@baublebar.com,test123,checkout
userloadtest20@baublebar.com,test123,checkout
userloadtest21@baublebar.com,test123,checkout
userloadtest22@baublebar.com,test123,checkout
userloadtest23@baublebar.com,test123,checkout
userloadtest24@baublebar.com,test123,checkout
userloadtest25@baublebar.com,test123,checkout
userloadtest26@baublebar.com,test123,checkout
userloadtest27@baublebar.com,test123,checkout
userloadtest28@baublebar.com,test123,checkout
userloadtest29@baublebar.com,test123,checkout
userloadtest30@baublebar.com,test123,checkout
userloadtest31@baublebar.com,test123,checkout
userloadtest32@baublebar.com,test123,checkout
userloadtest33@baublebar.com,test123,checkout
userloadtest34@baublebar.com,test123,checkout
userloadtest35@baublebar.com,test123,checkout
userloadtest36@baublebar.com,test123,checkout
userloadtest37@baublebar.com,test123,checkout
userloadtest38@baublebar.com,test123,checkout
userloadtest39@baublebar.com,test123,checkout
userloadtest40@baublebar.com,test123,checkout
userloadtest41@baublebar.com,test123,checkout
userloadtest42@baublebar.com,test123,checkout
userloadtest43@baublebar.com,test123,checkout
userloadtest44@baublebar.com,test123,checkout
userloadtest45@baublebar.com,test123,checkout
userloadtest46@baublebar.com,test123,checkout
userloadtest47@baublebar.com,test123,checkout
userloadtest48@baublebar.com,test123,checkout
userloadtest49@baublebar.com,test123,checkout
userloadtest50@baublebar.com,test123,checkout
userloadtest51@baublebar.com,test123,checkout
userloadtest52@baublebar.com,test123,checkout
userloadtest53@baublebar.com,test123,checkout
userloadtest54@baublebar.com,test123,checkout
userloadtest55@baublebar.com,test123,checkout
userloadtest56@baublebar.com,test123,checkout
userloadtest57@baublebar.com,test123,checkout
userloadtest58@baublebar.com,test123,checkout
userloadtest59@baublebar.com,test123,checkout
userloadtest60@baublebar.com,test123,checkout
userloadtest61@baublebar.com,test123,checkout
userloadtest62@baublebar.com,test123,checkout
userloadtest63@baublebar.com,test123,checkout
userloadtest64@baublebar.com,test123,checkout
userloadtest65@baublebar.com,test123,checkout
userloadtest66@baublebar.com,test123,checkout
userloadtest67@baublebar.com,test123,checkout
userloadtest68@baublebar.com,test123,checkout
userloadtest69@baublebar.com,test123,checkout
userloadtest70@baublebar.com,test123,checkout
userloadtest71@baublebar.com,test123,checkout
userloadtest72@baublebar.com,test123,checkout
userloadtest73@baublebar.com,test123,checkout
userloadtest74@baublebar.com,test123,checkout
userloadtest75@baublebar.com,test123,checkout
userloadtest76@baublebar.com,test123,checkout
userloadtest77@baublebar.com,test123,checkout
userloadtest78@baublebar.com,test123,checkout
userloadtest79@baublebar.com,test123,checkout
userloadtest80@baublebar.com,test123,checkout
userloadtest81@baublebar.com,test123,checkout
userloadtest82@baublebar.com,test123,checkout
userloadtest83@baublebar.com,test123,checkout
userloadtest84@baublebar.com,test123,checkout
userloadtest85@baublebar.com,test123,checkout
userloadtest86@baublebar.com,test123,checkout
userloadtest87@baublebar.com,test123,checkout
userloadtest88@baublebar.com,test123,checkout
userloadtest89@baublebar.com,test123,checkout
userloadtest90@baublebar.com,test123,checkout
userloadtest91@baublebar.com,test123,checkout
userloadtest92@baublebar.com,test123,checkout
userloadtest93@baublebar.com,test123,checkout
userloadtest94@baublebar.com,test123,checkout
userloadtest95@baublebar.com,test123,checkout
userloadtest96@baublebar.com,test123,checkout
userloadtest97@baublebar.com,test123,checkout
userloadtest98@baublebar.com,test123,checkout
userloadtest99@baublebar.com,test123,checkout
userloadtest100@baublebar.com,test123,checkout
userloadtest101@baublebar.com,test123,checkout
userloadtest102@baublebar.com,test123,checkout
userloadtest103@baublebar.com,test123,checkout
userloadtest104@baublebar.com,test123,checkout
userloadtest105@baublebar.com,test123,checkout
userloadtest106@baublebar.com,test123,checkout
userloadtest107@baublebar.com,test123,checkout
userloadtest108@baublebar.com,test123,checkout
userloadtest109@baublebar.com,test123,checkout
userloadtest110@baublebar.com,test123,checkout
userloadtest111@baublebar.com,test123,checkout
userloadtest112@baublebar.com,test123,checkout
userloadtest113@baublebar.com,test123,checkout
userloadtest114@baublebar.com,test123,checkout
userloadtest115@baublebar.com,test123,checkout
userloadtest116@baublebar.com,test123,checkout
userloadtest117@baublebar.com,test123,checkout
userloadtest118@baublebar.com,test123,checkout
userloadtest119@baublebar.com,test123,checkout
userloadtest120@baublebar.com,test123,checkout
userloadtest121@baublebar.com,test123,checkout
userloadtest122@baublebar.com,test123,checkout
userloadtest123@baublebar.com,test123,checkout
userloadtest124@baublebar.com,test123,checkout
userloadtest125@baublebar.com,test123,checkout
userloadtest126@baublebar.com,test123,checkout
userloadtest127@baublebar.com,test123,checkout
userloadtest128@baublebar.com,test123,checkout
userloadtest129@baublebar.com,test123,checkout
userloadtest130@baublebar.com,test123,checkout
userloadtest131@baublebar.com,test123,checkout
userloadtest132@baublebar.com,test123,checkout
userloadtest133@baublebar.com,test123,checkout
userloadtest134@baublebar.com,test123,checkout
userloadtest135@baublebar.com,test123,checkout
userloadtest136@baublebar.com,test123,checkout
userloadtest137@baublebar.com,test123,checkout
userloadtest138@baublebar.com,test123,checkout
userloadtest139@baublebar.com,test123,checkout
userloadtest140@baublebar.com,test123,checkout
userloadtest141@baublebar.com,test123,checkout
userloadtest142@baublebar.com,test123,checkout
userloadtest143@baublebar.com,test123,checkout
userloadtest144@baublebar.com,test123,checkout
userloadtest145@baublebar.com,test123,checkout
userloadtest146@baublebar.com,test123,checkout
userloadtest147@baublebar.com,test123,checkout
userloadtest148@baublebar.com,test123,checkout
userloadtest149@baublebar.com,test123,checkout
userloadtest150@baublebar.com,test123,checkout
userloadtest151@baublebar.com,test123,checkout
userloadtest152@baublebar.com,test123,checkout
userloadtest153@baublebar.com,test123,checkout
userloadtest154@baublebar.com,test123,checkout
userloadtest155@baublebar.com,test123,checkout
userloadtest156@baublebar.com,test123,checkout
userloadtest157@baublebar.com,test123,checkout
userloadtest158@baublebar.com,test123,checkout
userloadtest159@baublebar.com,test123,checkout
userloadtest160@baublebar.com,test123,checkout
userloadtest161@baublebar.com,test123,checkout
userloadtest162@baublebar.com,test123,checkout
userloadtest163@baublebar.com,test123,checkout
userloadtest164@baublebar.com,test123,checkout
userloadtest165@baublebar.com,test123,checkout
userloadtest166@baublebar.com,test123,checkout
userloadtest167@baublebar.com,test123,checkout
userloadtest168@baublebar.com,test123,checkout
userloadtest169@baublebar.com,test123,checkout
userloadtest170@baublebar.com,test123,checkout
userloadtest171@baublebar.com,test123,checkout
userloadtest172@baublebar.com,test123,checkout
userloadtest173@baublebar.com,test123,checkout
userloadtest174@baublebar.com,test123,checkout
userloadtest175@baublebar.com,test123,checkout
userloadtest176@baublebar.com,test123,checkout
userloadtest177@baublebar.com,test123,checkout
userloadtest178@baublebar.com,test123,checkout
userloadtest179@baublebar.com,test123,checkout
userloadtest180@baublebar.com,test123,checkout
userloadtest181@baublebar.com,test123,checkout
userloadtest182@baublebar.com,test123,checkout
userloadtest183@baublebar.com,test123,checkout
userloadtest184@baublebar.com,test123,checkout
userloadtest185@baublebar.com,test123,checkout
userloadtest186@baublebar.com,test123,checkout
userloadtest187@baublebar.com,test123,checkout
userloadtest188@baublebar.com,test123,checkout
userloadtest189@baublebar.com,test123,checkout
userloadtest190@baublebar.com,test123,checkout
userloadtest191@baublebar.com,test123,checkout
userloadtest192@baublebar.com,test123,checkout
userloadtest193@baublebar.com,test123,checkout
userloadtest194@baublebar.com,test123,checkout
userloadtest195@baublebar.com,test123,checkout
userloadtest196@baublebar.com,test123,checkout
userloadtest197@baublebar.com,test123,checkout
userloadtest198@baublebar.com,test123,checkout
userloadtest199@baublebar.com,test123,checkout
userloadtest200@baublebar.com,test123,checkout
userloadtest201@baublebar.com,test123,checkout
userloadtest202@baublebar.com,test123,checkout
userloadtest203@baublebar.com,test123,checkout
userloadtest204@baublebar.com,test123,checkout
userloadtest205@baublebar.com,test123,checkout
userloadtest206@baublebar.com,test123,checkout
userloadtest207@baublebar.com,test123,checkout
userloadtest208@baublebar.com,test123,checkout
userloadtest209@baublebar.com,test123,checkout
userloadtest210@baublebar.com,test123,checkout
userloadtest211@baublebar.com,test123,checkout
userloadtest212@baublebar.com,test123,checkout
userloadtest213@baublebar.com,test123,checkout
userloadtest214@baublebar.com,test123,checkout
userloadtest215@baublebar.com,test123,checkout
userloadtest216@baublebar.com,test123,checkout
userloadtest217@baublebar.com,test123,checkout
userloadtest218@baublebar.com,test123,checkout
userloadtest219@baublebar.com,test123,checkout
userloadtest220@baublebar.com,test123,checkout
userloadtest221@baublebar.com,test123,checkout
userloadtest222@baublebar.com,test123,checkout
userloadtest223@baublebar.com,test123,checkout
userloadtest224@baublebar.com,test123,checkout
userloadtest225@baublebar.com,test123,checkout
userloadtest226@baublebar.com,test123,checkout
userloadtest227@baublebar.com,test123,checkout
userloadtest228@baublebar.com,test123,checkout
userloadtest229@baublebar.com,test123,checkout
userloadtest230@baublebar.com,test123,checkout
userloadtest231@baublebar.com,test123,checkout
userloadtest232@baublebar.com,test123,checkout
userloadtest233@baublebar.com,test123,checkout
userloadtest234@baublebar.com,test123,checkout
userloadtest235@baublebar.com,test123,checkout
userloadtest236@baublebar.com,test123,checkout
userloadtest237@baublebar.com,test123,checkout
userloadtest238@baublebar.com,test123,checkout
userloadtest239@baublebar.com,test123,checkout
userloadtest240@baublebar.com,test123,checkout
userloadtest241@baublebar.com,test123,checkout
userloadtest242@baublebar.com,test123,checkout
userloadtest243@baublebar.com,test123,checkout
userloadtest244@baublebar.com,test123,checkout
userloadtest245@baublebar.com,test123,checkout
userloadtest246@baublebar.com,test123,checkout
userloadtest247@baublebar.com,test123,checkout
userloadtest248@baublebar.com,test123,checkout
userloadtest249@baublebar.com,test123,checkout
userloadtest250@baublebar.com,test123,checkout
userloadtest251@baublebar.com,test123,checkout
userloadtest252@baublebar.com,test123,checkout
userloadtest253@baublebar.com,test123,checkout
userloadtest254@baublebar.com,test123,checkout
userloadtest255@baublebar.com,test123,checkout
userloadtest256@baublebar.com,test123,checkout
userloadtest257@baublebar.com,test123,checkout
userloadtest258@baublebar.com,test123,checkout
userloadtest259@baublebar.com,test123,checkout
userloadtest260@baublebar.com,test123,checkout
userloadtest261@baublebar.com,test123,checkout
userloadtest262@baublebar.com,test123,checkout
userloadtest263@baublebar.com,test123,checkout
userloadtest264@baublebar.com,test123,checkout
userloadtest265@baublebar.com,test123,checkout
userloadtest266@baublebar.com,test123,checkout
userloadtest267@baublebar.com,test123,checkout
userloadtest268@baublebar.com,test123,checkout
userloadtest269@baublebar.com,test123,checkout
userloadtest270@baublebar.com,test123,checkout
userloadtest271@baublebar.com,test123,checkout
userloadtest272@baublebar.com,test123,checkout
userloadtest273@baublebar.com,test123,checkout
userloadtest274@baublebar.com,test123,checkout
userloadtest275@baublebar.com,test123,checkout
userloadtest276@baublebar.com,test123,checkout
userloadtest277@baublebar.com,test123,checkout
userloadtest278@baublebar.com,test123,checkout
userloadtest279@baublebar.com,test123,checkout
userloadtest280@baublebar.com,test123,checkout
userloadtest281@baublebar.com,test123,checkout
userloadtest282@baublebar.com,test123,checkout
userloadtest283@baublebar.com,test123,checkout
userloadtest284@baublebar.com,test123,checkout
userloadtest285@baublebar.com,test123,checkout
userloadtest286@baublebar.com,test123,checkout
userloadtest287@baublebar.com,test123,checkout
userloadtest288@baublebar.com,test123,checkout
userloadtest289@baublebar.com,test123,checkout
userloadtest290@baublebar.com,test123,checkout
userloadtest291@baublebar.com,test123,checkout
userloadtest292@baublebar.com,test123,checkout
userloadtest293@baublebar.com,test123,checkout
userloadtest294@baublebar.com,test123,checkout
userloadtest295@baublebar.com,test123,checkout
userloadtest296@baublebar.com,test123,checkout
userloadtest297@baublebar.com,test123,checkout
userloadtest298@baublebar.com,test123,checkout
userloadtest299@baublebar.com,test123,checkout
userloadtest300@baublebar.com,test123,checkout
userloadtest301@baublebar.com,test123,checkout
userloadtest302@baublebar.com,test123,checkout
userloadtest303@baublebar.com,test123,checkout
userloadtest304@baublebar.com,test123,checkout
userloadtest305@baublebar.com,test123,checkout
userloadtest306@baublebar.com,test123,checkout
userloadtest307@baublebar.com,test123,checkout
userloadtest308@baublebar.com,test123,checkout
userloadtest309@baublebar.com,test123,checkout
userloadtest310@baublebar.com,test123,checkout
userloadtest311@baublebar.com,test123,checkout
userloadtest312@baublebar.com,test123,checkout
userloadtest313@baublebar.com,test123,checkout
userloadtest314@baublebar.com,test123,checkout
userloadtest315@baublebar.com,test123,checkout
userloadtest316@baublebar.com,test123,checkout
userloadtest317@baublebar.com,test123,checkout
userloadtest318@baublebar.com,test123,checkout
userloadtest319@baublebar.com,test123,checkout
userloadtest320@baublebar.com,test123,checkout
userloadtest321@baublebar.com,test123,checkout
userloadtest322@baublebar.com,test123,checkout
userloadtest323@baublebar.com,test123,checkout
userloadtest324@baublebar.com,test123,checkout
userloadtest325@baublebar.com,test123,checkout
userloadtest326@baublebar.com,test123,checkout
userloadtest327@baublebar.com,test123,checkout
userloadtest328@baublebar.com,test123,checkout
userloadtest329@baublebar.com,test123,checkout
userloadtest330@baublebar.com,test123,checkout
userloadtest331@baublebar.com,test123,checkout
userloadtest332@baublebar.com,test123,checkout
userloadtest333@baublebar.com,test123,checkout
userloadtest334@baublebar.com,test123,checkout
userloadtest335@baublebar.com,test123,checkout
userloadtest336@baublebar.com,test123,checkout
userloadtest337@baublebar.com,test123,checkout
userloadtest338@baublebar.com,test123,checkout
userloadtest339@baublebar.com,test123,checkout
userloadtest340@baublebar.com,test123,checkout
userloadtest341@baublebar.com,test123,checkout
userloadtest342@baublebar.com,test123,checkout
userloadtest343@baublebar.com,test123,checkout
userloadtest344@baublebar.com,test123,checkout
userloadtest345@baublebar.com,test123,checkout
userloadtest346@baublebar.com,test123,checkout
userloadtest347@baublebar.com,test123,checkout
userloadtest348@baublebar.com,test123,checkout
userloadtest349@baublebar.com,test123,checkout
userloadtest350@baublebar.com,test123,checkout
userloadtest351@baublebar.com,test123,checkout
userloadtest352@baublebar.com,test123,checkout
userloadtest353@baublebar.com,test123,checkout
userloadtest354@baublebar.com,test123,checkout
userloadtest355@baublebar.com,test123,checkout
userloadtest356@baublebar.com,test123,checkout
userloadtest357@baublebar.com,test123,checkout
userloadtest358@baublebar.com,test123,checkout
userloadtest359@baublebar.com,test123,checkout
userloadtest360@baublebar.com,test123,checkout
userloadtest361@baublebar.com,test123,checkout
userloadtest362@baublebar.com,test123,checkout
userloadtest363@baublebar.com,test123,checkout
userloadtest364@baublebar.com,test123,checkout
userloadtest365@baublebar.com,test123,checkout
userloadtest366@baublebar.com,test123,checkout
userloadtest367@baublebar.com,test123,checkout
userloadtest368@baublebar.com,test123,checkout
userloadtest369@baublebar.com,test123,checkout
userloadtest370@baublebar.com,test123,checkout
userloadtest371@baublebar.com,test123,checkoutuserloadtest372@baublebar.com,test123,checkout
userloadtest373@baublebar.com,test123,checkout
userloadtest374@baublebar.com,test123,checkout