userloadtest1231@baublebar.com,test123,test123,on
userloadtest1232@baublebar.com,test123,test123,on
userloadtest1233@baublebar.com,test123,test123,on
userloadtest1234@baublebar.com,test123,test123,on
userloadtest1235@baublebar.com,test123,test123,on
userloadtest1236@baublebar.com,test123,test123,on
userloadtest1237@baublebar.com,test123,test123,on
userloadtest1238@baublebar.com,test123,test123,on
userloadtest1239@baublebar.com,test123,test123,on
userloadtest12310@baublebar.com,test123,test123,on
userloadtest12311@baublebar.com,test123,test123,on
userloadtest12312@baublebar.com,test123,test123,on
userloadtest12313@baublebar.com,test123,test123,on
userloadtest12314@baublebar.com,test123,test123,on
userloadtest12315@baublebar.com,test123,test123,on
userloadtest12316@baublebar.com,test123,test123,on
userloadtest12317@baublebar.com,test123,test123,on
userloadtest12318@baublebar.com,test123,test123,on
userloadtest12319@baublebar.com,test123,test123,on
userloadtest12320@baublebar.com,test123,test123,on
userloadtest12321@baublebar.com,test123,test123,on
userloadtest12322@baublebar.com,test123,test123,on
userloadtest12323@baublebar.com,test123,test123,on
userloadtest12324@baublebar.com,test123,test123,on
userloadtest12325@baublebar.com,test123,test123,on
userloadtest12326@baublebar.com,test123,test123,on
userloadtest12327@baublebar.com,test123,test123,on
userloadtest12328@baublebar.com,test123,test123,on
userloadtest12329@baublebar.com,test123,test123,on
userloadtest12330@baublebar.com,test123,test123,on
userloadtest12331@baublebar.com,test123,test123,on
userloadtest12332@baublebar.com,test123,test123,on
userloadtest12333@baublebar.com,test123,test123,on
userloadtest12334@baublebar.com,test123,test123,on
userloadtest12335@baublebar.com,test123,test123,on
userloadtest12336@baublebar.com,test123,test123,on
userloadtest12337@baublebar.com,test123,test123,on
userloadtest12338@baublebar.com,test123,test123,on
userloadtest12339@baublebar.com,test123,test123,on
userloadtest12340@baublebar.com,test123,test123,on
userloadtest12341@baublebar.com,test123,test123,on
userloadtest12342@baublebar.com,test123,test123,on
userloadtest12343@baublebar.com,test123,test123,on
userloadtest12344@baublebar.com,test123,test123,on
userloadtest12345@baublebar.com,test123,test123,on
userloadtest12346@baublebar.com,test123,test123,on
userloadtest12347@baublebar.com,test123,test123,on
userloadtest12348@baublebar.com,test123,test123,on
userloadtest12349@baublebar.com,test123,test123,on
userloadtest12350@baublebar.com,test123,test123,on